Invoice ID;Branch;City;Customer type;Gender;Product line;Unit price;Quantity;Tax 5%;Total;Date;Time;Payment;cogs;gross margin percentage;gross income;Rating
750-67-8428;A;Yangon;Member;Female;Health and beauty;74.69;7;261.415;5.489.715;01.05.2019;13:08;Ewallet;522.83;4.761.904.762;261.415;09.Oca
631-41-3108;A;Yangon;Normal;Male;Home and lifestyle;46.33;7;162.155;3.405.255;03.03.2019;13:23;Credit card;324.31;4.761.904.762;162.155;07.Nis
123-19-1176;A;Yangon;Member;Male;Health and beauty;58.22;8;23.288;489.048;1/27/2019;20:33;Ewallet;465.76;4.761.904.762;23.288;08.Nis
373-73-7910;A;Yangon;Normal;Male;Sports and travel;86.31;7;302.085;6.343.785;02.08.2019;10:37;Ewallet;604.17;4.761.904.762;302.085;05.Mar
699-14-3026;C;Naypyitaw;Normal;Male;Electronic accessories;85.39;7;298.865;6.276.165;3/25/2019;18:30;Ewallet;597.73;4.761.904.762;298.865;04.Oca
355-53-5943;A;Yangon;Member;Female;Electronic accessories;68.84;6;20.652;433.692;2/25/2019;14:36;Ewallet;413.04;4.761.904.762;20.652;05.Aðu
665-32-9167;A;Yangon;Member;Female;Health and beauty;36.26;2;3.626;76.146;01.10.2019;17:15;Credit card;72.52;4.761.904.762;3.626;07.Þub
692-92-5582;B;Mandalay;Member;Female;Food and beverages;54.84;3;8.226;172.746;2/20/2019;13:27;Credit card;164.52;4.761.904.762;8.226;05.Eyl
351-62-0822;B;Mandalay;Member;Female;Fashion accessories;14.48;4;2.896;60.816;02.06.2019;18:07;Ewallet;57.92;4.761.904.762;2.896;04.May
529-56-3974;B;Mandalay;Member;Male;Electronic accessories;25.51;4;5.102;107.142;03.09.2019;17:03;Cash;102.04;4.761.904.762;5.102;06.Aðu
365-64-0515;A;Yangon;Normal;Female;Electronic accessories;46.95;5;117.375;2.464.875;02.12.2019;10:25;Ewallet;234.75;4.761.904.762;117.375;07.Oca
252-56-2699;A;Yangon;Normal;Male;Food and beverages;43.19;10;21.595;453.495;02.07.2019;16:48;Ewallet;431.9;4.761.904.762;21.595;08.Þub
829-34-3910;A;Yangon;Normal;Female;Health and beauty;71.38;10;35.69;749.49;3/29/2019;19:21;Cash;713.8;4.761.904.762;35.69;05.Tem
299-46-1805;B;Mandalay;Member;Female;Sports and travel;93.72;6;28.116;590.436;1/15/2019;16:19;Cash;562.32;4.761.904.762;28.116;04.May
656-95-9349;A;Yangon;Member;Female;Health and beauty;68.93;7;241.255;5.066.355;03.11.2019;11:03;Credit card;482.51;4.761.904.762;241.255;04.Haz
765-26-6951;A;Yangon;Normal;Male;Sports and travel;72.61;6;21.783;457.443;01.01.2019;10:39;Credit card;435.66;4.761.904.762;21.783;06.Eyl
329-62-1586;A;Yangon;Normal;Male;Food and beverages;54.67;3;82.005;1.722.105;1/21/2019;18:00;Credit card;164.01;4.761.904.762;82.005;08.Haz
300-71-4605;C;Naypyitaw;Member;Male;Electronic accessories;86.04;5;21.51;451.71;2/25/2019;11:24;Ewallet;430.2;4.761.904.762;21.51;04.Aðu
371-85-5789;B;Mandalay;Normal;Male;Health and beauty;87.98;3;13.197;277.137;03.05.2019;10:40;Ewallet;263.94;4.761.904.762;13.197;05.Oca
227-03-5010;A;Yangon;Member;Female;Home and lifestyle;52.59;8;21.036;441.756;3/22/2019;19:20;Credit card;420.72;4.761.904.762;21.036;08.May
649-29-6775;B;Mandalay;Normal;Male;Fashion accessories;33.52;1;1.676;35.196;02.08.2019;15:31;Cash;33.52;4.761.904.762;1.676;06.Tem
189-17-4241;A;Yangon;Normal;Female;Fashion accessories;87.67;2;8.767;184.107;03.10.2019;12:17;Credit card;175.34;4.761.904.762;8.767;07.Tem
848-62-7243;A;Yangon;Normal;Male;Health and beauty;24.89;9;112.005;2.352.105;3/15/2019;15:36;Cash;224.01;4.761.904.762;112.005;07.Nis
871-79-8483;B;Mandalay;Normal;Male;Fashion accessories;94.13;5;235.325;4.941.825;2/25/2019;19:39;Credit card;470.65;4.761.904.762;235.325;04.Aðu
149-71-6266;B;Mandalay;Member;Male;Sports and travel;78.07;9;351.315;7.377.615;1/28/2019;12:43;Cash;702.63;4.761.904.762;351.315;04.May
640-49-2076;B;Mandalay;Normal;Male;Sports and travel;83.78;8;33.512;703.752;01.10.2019;14:49;Cash;670.24;4.761.904.762;33.512;05.Oca
595-11-5460;A;Yangon;Normal;Male;Health and beauty;96.58;2;9.658;202.818;3/15/2019;10:12;Credit card;193.16;4.761.904.762;9.658;05.Oca
183-56-6882;C;Naypyitaw;Member;Female;Food and beverages;99.42;4;19.884;417.564;02.06.2019;10:42;Ewallet;397.68;4.761.904.762;19.884;07.May
232-16-2483;C;Naypyitaw;Member;Female;Sports and travel;68.12;1;3.406;71.526;01.07.2019;12:28;Ewallet;68.12;4.761.904.762;3.406;06.Aðu
272-65-1806;A;Yangon;Normal;Female;Electronic accessories;60.88;9;27.396;575.316;1/15/2019;17:17;Ewallet;547.92;4.761.904.762;27.396;04.Tem
333-73-7901;C;Naypyitaw;Normal;Female;Health and beauty;54.92;8;21.968;461.328;3/23/2019;13:24;Ewallet;439.36;4.761.904.762;21.968;07.Haz
280-35-5823;B;Mandalay;Member;Female;Home and lifestyle;86.72;1;4.336;91.056;1/17/2019;18:45;Ewallet;86.72;4.761.904.762;4.336;07.Eyl
554-53-8700;C;Naypyitaw;Member;Male;Home and lifestyle;56.11;2;5.611;117.831;02.02.2019;10:11;Cash;112.22;4.761.904.762;5.611;06.Mar
354-25-5821;B;Mandalay;Member;Female;Sports and travel;69.12;6;20.736;435.456;02.08.2019;13:03;Cash;414.72;4.761.904.762;20.736;05.Haz
228-96-1411;C;Naypyitaw;Member;Female;Food and beverages;98.7;8;39.48;829.08;03.04.2019;20:39;Cash;789.6;4.761.904.762;39.48;07.Haz
617-15-4209;C;Naypyitaw;Member;Male;Health and beauty;15.37;2;1.537;32.277;3/16/2019;19:47;Cash;30.74;4.761.904.762;1.537;07.Þub
132-32-9879;B;Mandalay;Member;Female;Electronic accessories;93.96;4;18.792;394.632;03.09.2019;18:00;Cash;375.84;4.761.904.762;18.792;09.May
370-41-7321;B;Mandalay;Member;Male;Health and beauty;56.69;9;255.105;5.357.205;2/27/2019;17:24;Credit card;510.21;4.761.904.762;255.105;08.Nis
669-54-1719;B;Mandalay;Member;Male;Electronic accessories;18.93;6;5.679;119.259;02.10.2019;12:45;Credit card;113.58;4.761.904.762;5.679;08.Oca
574-22-5561;C;Naypyitaw;Member;Female;Fashion accessories;82.63;10;41.315;867.615;3/19/2019;17:08;Ewallet;826.3;4.761.904.762;41.315;07.Eyl
326-78-5178;C;Naypyitaw;Member;Male;Food and beverages;91.4;7;31.99;671.79;02.03.2019;10:19;Cash;639.8;4.761.904.762;31.99;09.May
162-48-8011;A;Yangon;Member;Female;Food and beverages;44.59;5;111.475;2.340.975;02.10.2019;15:10;Cash;222.95;4.761.904.762;111.475;08.May
616-24-2851;B;Mandalay;Member;Female;Fashion accessories;17.87;4;3.574;75.054;3/22/2019;14:42;Ewallet;71.48;4.761.904.762;3.574;06.May
778-71-5554;C;Naypyitaw;Member;Male;Fashion accessories;15.43;1;0.7715;162.015;1/25/2019;15:46;Credit card;15.43;4.761.904.762;0.7715;06.Oca
242-55-6721;B;Mandalay;Normal;Male;Home and lifestyle;16.16;2;1.616;33.936;03.07.2019;11:49;Ewallet;32.32;4.761.904.762;1.616;06.May
399-46-5918;C;Naypyitaw;Normal;Female;Electronic accessories;85.98;8;34.392;722.232;2/28/2019;19:01;Cash;687.84;4.761.904.762;34.392;08.Þub
106-35-6779;A;Yangon;Member;Male;Home and lifestyle;44.34;2;4.434;93.114;3/27/2019;11:26;Cash;88.68;4.761.904.762;4.434;05.Aðu
635-40-6220;A;Yangon;Normal;Male;Health and beauty;89.6;8;35.84;752.64;02.07.2019;11:28;Ewallet;716.8;4.761.904.762;35.84;06.Haz
817-48-8732;A;Yangon;Member;Female;Home and lifestyle;72.35;10;36.175;759.675;1/20/2019;15:55;Cash;723.5;4.761.904.762;36.175;05.Nis
120-06-4233;C;Naypyitaw;Normal;Male;Electronic accessories;30.61;6;9.183;192.843;03.12.2019;20:36;Cash;183.66;4.761.904.762;9.183;09.Mar
199-75-8169;A;Yangon;Member;Male;Sports and travel;15.81;10;7.905;166.005;03.06.2019;12:27;Credit card;158.1;4.761.904.762;7.905;08.Haz
853-23-2453;B;Mandalay;Member;Male;Health and beauty;75.74;4;15.148;318.108;2/14/2019;14:35;Cash;302.96;4.761.904.762;15.148;07.Haz
877-22-3308;A;Yangon;Member;Male;Health and beauty;15.87;10;7.935;166.635;3/13/2019;16:40;Cash;158.7;4.761.904.762;7.935;05.Aðu
838-78-4295;C;Naypyitaw;Normal;Female;Health and beauty;33.47;2;3.347;70.287;02.10.2019;15:43;Ewallet;66.94;4.761.904.762;3.347;06.Tem
109-28-2512;B;Mandalay;Member;Female;Fashion accessories;97.61;6;29.283;614.943;01.07.2019;15:01;Ewallet;585.66;4.761.904.762;29.283;09.Eyl
232-11-3025;A;Yangon;Normal;Male;Sports and travel;78.77;10;39.385;827.085;1/24/2019;10:04;Cash;787.7;4.761.904.762;39.385;06.Nis
382-03-4532;A;Yangon;Member;Female;Health and beauty;18.33;1;0.9165;192.465;02.02.2019;18:50;Cash;18.33;4.761.904.762;0.9165;04.Mar
393-65-2792;C;Naypyitaw;Normal;Male;Food and beverages;89.48;10;44.74;939.54;01.06.2019;12:46;Credit card;894.8;4.761.904.762;44.74;09.Haz
796-12-2025;C;Naypyitaw;Normal;Male;Fashion accessories;62.12;10;31.06;652.26;02.11.2019;16:19;Cash;621.2;4.761.904.762;31.06;05.Eyl
841-35-6630;C;Naypyitaw;Normal;Female;Electronic accessories;75.91;6;22.773;478.233;03.09.2019;18:21;Cash;455.46;4.761.904.762;22.773;08.Tem
287-21-9091;A;Yangon;Normal;Male;Home and lifestyle;74.67;9;336.015;7.056.315;1/22/2019;10:55;Ewallet;672.03;4.761.904.762;336.015;09.Nis
732-94-0499;C;Naypyitaw;Normal;Female;Electronic accessories;41.65;10;20.825;437.325;1/13/2019;17:04;Credit card;416.5;4.761.904.762;20.825;05.Nis
263-10-3913;C;Naypyitaw;Member;Male;Fashion accessories;49.04;9;22.068;463.428;01.09.2019;14:20;Credit card;441.36;4.761.904.762;22.068;08.Haz
829-49-1914;C;Naypyitaw;Member;Female;Food and beverages;78.31;10;39.155;822.255;03.05.2019;16:24;Ewallet;783.1;4.761.904.762;39.155;06.Haz
870-72-4431;C;Naypyitaw;Normal;Female;Health and beauty;99.19;6;29.757;624.897;1/21/2019;14:42;Credit card;595.14;4.761.904.762;29.757;05.May
847-38-7188;B;Mandalay;Normal;Female;Food and beverages;96.68;3;14.502;304.542;1/26/2019;19:56;Ewallet;290.04;4.761.904.762;14.502;06.Nis
787-56-0757;C;Naypyitaw;Member;Female;Food and beverages;80.36;4;16.072;337.512;2/23/2019;18:45;Credit card;321.44;4.761.904.762;16.072;08.Mar
360-39-5055;C;Naypyitaw;Member;Male;Sports and travel;48.91;5;122.275;2.567.775;03.09.2019;10:17;Cash;244.55;4.761.904.762;122.275;06.Haz
362-58-8315;C;Naypyitaw;Normal;Male;Fashion accessories;76.52;5;19.13;401.73;3/25/2019;10:23;Cash;382.6;4.761.904.762;19.13;09.Eyl
633-44-8566;A;Yangon;Member;Male;Food and beverages;49.38;7;17.283;362.943;3/27/2019;20:35;Credit card;345.66;4.761.904.762;17.283;07.Mar
504-35-8843;A;Yangon;Normal;Male;Sports and travel;42.47;1;21.235;445.935;01.02.2019;16:57;Cash;42.47;4.761.904.762;21.235;05.Tem
318-68-5053;B;Mandalay;Normal;Female;Health and beauty;76.99;6;23.097;485.037;2/27/2019;17:55;Cash;461.94;4.761.904.762;23.097;06.Oca
565-80-5980;C;Naypyitaw;Member;Female;Home and lifestyle;47.38;4;9.476;198.996;1/23/2019;10:25;Cash;189.52;4.761.904.762;9.476;07.Oca
225-32-0908;C;Naypyitaw;Normal;Female;Sports and travel;44.86;10;22.43;471.03;1/26/2019;19:54;Ewallet;448.6;4.761.904.762;22.43;08.Þub
873-51-0671;A;Yangon;Member;Female;Sports and travel;21.98;7;7.693;161.553;01.10.2019;16:42;Ewallet;153.86;4.761.904.762;7.693;05.Oca
152-08-9985;B;Mandalay;Member;Male;Health and beauty;64.36;9;28.962;608.202;03.12.2019;12:09;Credit card;579.24;4.761.904.762;28.962;08.Haz
512-91-0811;C;Naypyitaw;Normal;Male;Health and beauty;89.75;1;44.875;942.375;02.06.2019;20:05;Credit card;89.75;4.761.904.762;44.875;06.Haz
594-34-4444;A;Yangon;Normal;Male;Electronic accessories;97.16;1;4.858;102.018;03.08.2019;20:38;Ewallet;97.16;4.761.904.762;4.858;07.Þub
766-85-7061;B;Mandalay;Normal;Male;Health and beauty;87.87;10;43.935;922.635;3/29/2019;10:25;Ewallet;878.7;4.761.904.762;43.935;05.Oca
865-92-6136;A;Yangon;Normal;Male;Food and beverages;52.75;3;79.125;1.661.625;3/23/2019;10:16;Ewallet;158.25;4.761.904.762;79.125;09.Mar
733-01-9107;B;Mandalay;Normal;Male;Home and lifestyle;82.7;6;24.81;521.01;03.05.2019;18:14;Cash;496.2;4.761.904.762;24.81;07.Nis
163-56-7055;C;Naypyitaw;Member;Male;Fashion accessories;48.71;1;24.355;511.455;3/26/2019;19:20;Cash;48.71;4.761.904.762;24.355;04.Oca
189-98-2939;C;Naypyitaw;Normal;Male;Fashion accessories;78.55;9;353.475;7.422.975;03.01.2019;13:22;Cash;706.95;4.761.904.762;353.475;07.Þub
212-62-1842;A;Yangon;Normal;Male;Food and beverages;58.26;6;17.478;367.038;3/28/2019;16:44;Cash;349.56;4.761.904.762;17.478;09.Eyl
704-48-3927;A;Yangon;Member;Male;Electronic accessories;88.67;10;44.335;931.035;01.12.2019;14:50;Ewallet;886.7;4.761.904.762;44.335;07.Mar
628-34-3388;C;Naypyitaw;Normal;Male;Fashion accessories;27.38;6;8.214;172.494;01.05.2019;20:54;Credit card;164.28;4.761.904.762;8.214;07.Eyl
630-74-5166;A;Yangon;Normal;Male;Sports and travel;62.13;6;18.639;391.419;3/22/2019;20:19;Cash;372.78;4.761.904.762;18.639;07.Nis
588-01-7461;C;Naypyitaw;Normal;Female;Food and beverages;33.98;9;15.291;321.111;3/24/2019;10:43;Cash;305.82;4.761.904.762;15.291;04.Þub
861-77-0145;C;Naypyitaw;Member;Male;Electronic accessories;81.97;10;40.985;860.685;03.03.2019;14:30;Cash;819.7;4.761.904.762;40.985;09.Þub
479-26-8945;B;Mandalay;Member;Female;Sports and travel;16.49;2;1.649;34.629;02.05.2019;11:32;Ewallet;32.98;4.761.904.762;1.649;04.Haz
210-67-5886;C;Naypyitaw;Member;Female;Health and beauty;98.21;3;147.315;3.093.615;02.05.2019;10:41;Credit card;294.63;4.761.904.762;147.315;07.Aðu
227-78-1148;B;Mandalay;Normal;Female;Fashion accessories;72.84;7;25.494;535.374;2/15/2019;12:44;Cash;509.88;4.761.904.762;25.494;08.Nis
645-44-1170;A;Yangon;Member;Male;Home and lifestyle;58.07;9;261.315;5.487.615;1/19/2019;20:07;Ewallet;522.63;4.761.904.762;261.315;04.Mar
237-01-6122;C;Naypyitaw;Member;Female;Home and lifestyle;80.79;9;363.555;7.634.655;02.01.2019;20:31;Credit card;727.11;4.761.904.762;363.555;09.May
291-32-1427;B;Mandalay;Member;Male;Fashion accessories;21.94;5;5.485;115.185;03.05.2019;12:29;Ewallet;109.7;4.761.904.762;5.485;05.Mar
659-65-8956;B;Mandalay;Member;Male;Fashion accessories;51.36;1;2.568;53.928;1/16/2019;15:26;Ewallet;51.36;4.761.904.762;2.568;05.Þub
378-24-2715;B;Mandalay;Normal;Male;Home and lifestyle;53.44;2;5.344;112.224;1/20/2019;20:38;Ewallet;106.88;4.761.904.762;5.344;04.Oca
638-60-7125;A;Yangon;Normal;Female;Electronic accessories;99.56;8;39.824;836.304;2/14/2019;17:03;Credit card;796.48;4.761.904.762;39.824;05.Þub
659-36-1684;C;Naypyitaw;Member;Male;Sports and travel;57.12;7;19.992;419.832;01.12.2019;12:02;Credit card;399.84;4.761.904.762;19.992;06.May
219-22-9386;B;Mandalay;Member;Male;Sports and travel;99.96;9;44.982;944.622;03.09.2019;17:26;Credit card;899.64;4.761.904.762;44.982;04.Þub
336-78-2147;C;Naypyitaw;Member;Male;Home and lifestyle;63.91;8;25.564;536.844;3/13/2019;19:52;Credit card;511.28;4.761.904.762;25.564;04.Haz
268-27-6179;B;Mandalay;Member;Female;Fashion accessories;56.47;8;22.588;474.348;03.09.2019;14:57;Ewallet;451.76;4.761.904.762;22.588;07.Mar
668-90-8900;A;Yangon;Normal;Female;Home and lifestyle;93.69;7;327.915;6.886.215;03.10.2019;18:44;Credit card;655.83;4.761.904.762;327.915;04.May
189-08-9157;C;Naypyitaw;Normal;Female;Fashion accessories;31.73;9;142.785;2.998.485;01.08.2019;16:17;Credit card;285.57;4.761.904.762;142.785;05.Eyl
663-86-9076;C;Naypyitaw;Member;Female;Food and beverages;68.54;8;27.416;575.736;01.08.2019;15:57;Ewallet;548.32;4.761.904.762;27.416;08.May
549-84-7482;B;Mandalay;Normal;Female;Sports and travel;90.28;9;40.626;853.146;02.08.2019;11:15;Ewallet;812.52;4.761.904.762;40.626;07.Þub
191-10-6171;B;Mandalay;Normal;Female;Fashion accessories;39.62;7;13.867;291.207;1/25/2019;13:18;Cash;277.34;4.761.904.762;13.867;07.May
802-70-5316;A;Yangon;Member;Female;Sports and travel;92.13;6;27.639;580.419;03.06.2019;20:34;Cash;552.78;4.761.904.762;27.639;08.Mar
695-51-0018;B;Mandalay;Normal;Female;Sports and travel;34.84;4;6.968;146.328;02.10.2019;18:36;Cash;139.36;4.761.904.762;6.968;07.Nis
590-83-4591;B;Mandalay;Member;Male;Electronic accessories;87.45;6;26.235;550.935;2/17/2019;14:40;Credit card;524.7;4.761.904.762;26.235;08.Aðu
483-71-1164;C;Naypyitaw;Normal;Female;Health and beauty;81.3;6;24.39;512.19;03.08.2019;16:43;Ewallet;487.8;4.761.904.762;24.39;05.Mar
597-78-7908;C;Naypyitaw;Normal;Male;Fashion accessories;90.22;3;13.533;284.193;2/18/2019;19:39;Cash;270.66;4.761.904.762;13.533;06.Þub
700-81-1757;A;Yangon;Normal;Female;Electronic accessories;26.31;5;65.775;1.381.275;1/18/2019;20:59;Credit card;131.55;4.761.904.762;65.775;08.Aðu
354-39-5160;A;Yangon;Member;Female;Home and lifestyle;34.42;6;10.326;216.846;2/18/2019;15:39;Cash;206.52;4.761.904.762;10.326;09.Aðu
241-72-9525;B;Mandalay;Normal;Male;Sports and travel;51.91;10;25.955;545.055;2/16/2019;12:21;Cash;519.1;4.761.904.762;25.955;08.Þub
575-30-8091;A;Yangon;Normal;Male;Sports and travel;72.5;8;29;609;3/16/2019;19:25;Ewallet;580;4.761.904.762;29;09.Þub
731-81-9469;C;Naypyitaw;Member;Female;Sports and travel;89.8;10;44.9;942.9;1/23/2019;13:00;Credit card;898;4.761.904.762;44.9;05.Nis
280-17-4359;C;Naypyitaw;Member;Male;Health and beauty;90.5;10;45.25;950.25;1/25/2019;13:48;Cash;905;4.761.904.762;45.25;08.Oca
338-65-2210;C;Naypyitaw;Member;Female;Health and beauty;68.6;10;34.3;720.3;02.05.2019;19:57;Cash;686;4.761.904.762;34.3;09.Oca
488-25-4221;C;Naypyitaw;Member;Female;Food and beverages;30.41;1;15.205;319.305;2/22/2019;10:36;Credit card;30.41;4.761.904.762;15.205;08.Nis
458-41-1477;C;Naypyitaw;Normal;Female;Health and beauty;46.26;6;13.878;291.438;03.08.2019;17:11;Credit card;277.56;4.761.904.762;13.878;09.May
568-90-5112;C;Naypyitaw;Normal;Male;Health and beauty;66.14;4;13.228;277.788;3/19/2019;12:46;Credit card;264.56;4.761.904.762;13.228;05.Haz
262-47-2794;B;Mandalay;Member;Male;Home and lifestyle;71.86;8;28.744;603.624;03.06.2019;15:07;Credit card;574.88;4.761.904.762;28.744;06.Þub
238-49-0436;A;Yangon;Normal;Male;Health and beauty;32.46;8;12.984;272.664;3/27/2019;13:48;Credit card;259.68;4.761.904.762;12.984;04.Eyl
608-96-3517;B;Mandalay;Member;Female;Fashion accessories;91.54;4;18.308;384.468;3/23/2019;19:20;Credit card;366.16;4.761.904.762;18.308;04.Aðu
584-86-7256;C;Naypyitaw;Member;Male;Sports and travel;34.56;7;12.096;254.016;03.11.2019;16:07;Credit card;241.92;4.761.904.762;12.096;07.Mar
746-94-0204;A;Yangon;Normal;Male;Fashion accessories;83.24;9;37.458;786.618;1/29/2019;11:56;Credit card;749.16;4.761.904.762;37.458;07.Nis
214-17-6927;C;Naypyitaw;Normal;Female;Food and beverages;16.48;6;4.944;103.824;02.07.2019;18:23;Ewallet;98.88;4.761.904.762;4.944;09.Eyl
400-89-4171;C;Naypyitaw;Normal;Female;Sports and travel;80.97;8;32.388;680.148;1/28/2019;13:05;Cash;647.76;4.761.904.762;32.388;09.Mar
279-74-2924;B;Mandalay;Member;Male;Electronic accessories;72.17;1;36.085;757.785;01.04.2019;19:40;Cash;72.17;4.761.904.762;36.085;06.Oca
894-41-5205;C;Naypyitaw;Normal;Female;Food and beverages;43.18;8;17.272;362.712;1/19/2019;19:39;Credit card;345.44;4.761.904.762;17.272;08.Mar
548-46-9322;B;Mandalay;Normal;Male;Food and beverages;39.9;10;19.95;418.95;2/20/2019;15:24;Credit card;399;4.761.904.762;19.95;05.Eyl
505-02-0892;B;Mandalay;Member;Male;Health and beauty;42.57;8;17.028;357.588;2/25/2019;14:12;Ewallet;340.56;4.761.904.762;17.028;05.Haz
234-65-2137;C;Naypyitaw;Normal;Male;Home and lifestyle;95.58;10;47.79;1003.59;1/16/2019;13:32;Cash;955.8;4.761.904.762;47.79;04.Aðu
687-47-8271;A;Yangon;Normal;Male;Fashion accessories;98.98;10;49.49;1039.29;02.08.2019;16:20;Credit card;989.8;4.761.904.762;49.49;08.Tem
796-32-9050;A;Yangon;Normal;Male;Food and beverages;51.28;6;15.384;323.064;1/19/2019;16:31;Cash;307.68;4.761.904.762;15.384;06.May
105-31-1824;A;Yangon;Member;Male;Sports and travel;69.52;7;24.332;510.972;02.01.2019;15:10;Credit card;486.64;4.761.904.762;24.332;08.May
249-42-3782;A;Yangon;Normal;Male;Health and beauty;70.01;5;175.025;3.675.525;01.03.2019;11:36;Ewallet;350.05;4.761.904.762;175.025;05.May
316-55-4634;B;Mandalay;Member;Male;Food and beverages;80.05;5;200.125;4.202.625;1/26/2019;12:45;Credit card;400.25;4.761.904.762;200.125;09.Nis
608-27-6295;B;Mandalay;Member;Male;Electronic accessories;52.89;6;15.867;333.207;1/19/2019;17:34;Credit card;317.34;4.761.904.762;15.867;09.Aðu
414-12-7047;B;Mandalay;Normal;Male;Food and beverages;19.79;8;7.916;166.236;1/18/2019;12:04;Ewallet;158.32;4.761.904.762;7.916;08.Tem
827-26-2100;A;Yangon;Member;Male;Home and lifestyle;33.84;9;15.228;319.788;3/21/2019;16:21;Ewallet;304.56;4.761.904.762;15.228;08.Aðu
175-54-2529;A;Yangon;Member;Male;Food and beverages;22.17;8;8.868;186.228;03.03.2019;17:01;Credit card;177.36;4.761.904.762;8.868;09.Haz
139-52-2867;C;Naypyitaw;Normal;Female;Fashion accessories;22.51;7;78.785;1.654.485;2/13/2019;10:50;Credit card;157.57;4.761.904.762;78.785;04.Aðu
407-63-8975;A;Yangon;Normal;Male;Food and beverages;73.88;6;22.164;465.444;3/23/2019;19:16;Ewallet;443.28;4.761.904.762;22.164;04.Nis
130-98-8941;C;Naypyitaw;Normal;Male;Fashion accessories;64.26;7;22.491;472.311;02.09.2019;10:00;Cash;449.82;4.761.904.762;22.491;05.Tem
434-83-9547;C;Naypyitaw;Member;Male;Food and beverages;38.47;8;15.388;323.148;1/23/2019;11:51;Cash;307.76;4.761.904.762;15.388;07.Tem
824-88-3614;C;Naypyitaw;Normal;Male;Health and beauty;34.31;8;13.724;288.204;1/25/2019;15:00;Ewallet;274.48;4.761.904.762;13.724;05.Tem
305-14-0245;B;Mandalay;Member;Female;Home and lifestyle;94.49;8;37.796;793.716;03.03.2019;19:00;Ewallet;755.92;4.761.904.762;37.796;07.May
400-60-7251;A;Yangon;Normal;Male;Home and lifestyle;74.07;1;37.035;777.735;02.10.2019;12:50;Ewallet;74.07;4.761.904.762;37.035;09.Eyl
593-65-1552;C;Naypyitaw;Normal;Female;Home and lifestyle;69.81;4;13.962;293.202;1/28/2019;20:50;Credit card;279.24;4.761.904.762;13.962;05.Eyl
284-34-9626;B;Mandalay;Normal;Female;Home and lifestyle;77.04;3;11.556;242.676;02.11.2019;10:39;Credit card;231.12;4.761.904.762;11.556;07.Þub
437-58-8131;B;Mandalay;Normal;Female;Fashion accessories;73.52;2;7.352;154.392;1/15/2019;13:41;Ewallet;147.04;4.761.904.762;7.352;04.Haz
286-43-6208;C;Naypyitaw;Normal;Female;Food and beverages;87.8;9;39.51;829.71;3/16/2019;19:08;Cash;790.2;4.761.904.762;39.51;09.Þub
831-07-6050;A;Yangon;Normal;Male;Electronic accessories;32.71;5;81.775;1.717.275;3/19/2019;11:30;Credit card;163.55;4.761.904.762;81.775;09.Eyl
856-22-8149;A;Yangon;Normal;Female;Home and lifestyle;25.29;1;12.645;265.545;3/23/2019;10:13;Ewallet;25.29;4.761.904.762;12.645;06.Oca
420-11-4919;C;Naypyitaw;Member;Female;Food and beverages;71.39;5;178.475;3.747.975;2/17/2019;19:57;Credit card;356.95;4.761.904.762;178.475;05.May
606-80-4905;C;Naypyitaw;Member;Female;Sports and travel;19.15;6;5.745;120.645;1/29/2019;10:01;Credit card;114.9;4.761.904.762;5.745;06.Aðu
542-41-0513;B;Mandalay;Member;Female;Electronic accessories;57.49;4;11.498;241.458;3/15/2019;11:57;Cash;229.96;4.761.904.762;11.498;06.Haz
426-39-2418;C;Naypyitaw;Normal;Male;Electronic accessories;61.41;7;214.935;4.513.635;1/14/2019;10:02;Cash;429.87;4.761.904.762;214.935;09.Aðu
394-43-4238;B;Mandalay;Member;Male;Home and lifestyle;17.77;5;44.425;932.925;2/15/2019;12:42;Credit card;88.85;4.761.904.762;44.425;05.Nis
672-51-8681;C;Naypyitaw;Member;Female;Electronic accessories;66.65;9;299.925;6.298.425;01.04.2019;18:19;Credit card;599.85;4.761.904.762;299.925;09.Tem
263-87-5680;C;Naypyitaw;Member;Female;Home and lifestyle;28.53;10;14.265;299.565;3/18/2019;17:38;Ewallet;285.3;4.761.904.762;14.265;07.Aðu
573-58-9734;B;Mandalay;Normal;Female;Fashion accessories;30.37;3;45.555;956.655;3/28/2019;13:41;Ewallet;91.11;4.761.904.762;45.555;05.Oca
817-69-8206;B;Mandalay;Normal;Female;Electronic accessories;99.73;9;448.785;9.424.485;03.02.2019;19:42;Credit card;897.57;4.761.904.762;448.785;06.May
888-02-0338;A;Yangon;Normal;Male;Electronic accessories;26.23;9;118.035;2.478.735;1/25/2019;20:24;Ewallet;236.07;4.761.904.762;118.035;05.Eyl
677-11-0152;C;Naypyitaw;Normal;Female;Food and beverages;93.26;9;41.967;881.307;1/16/2019;18:08;Cash;839.34;4.761.904.762;41.967;08.Aðu
656-16-1063;B;Mandalay;Normal;Male;Sports and travel;46.42;3;6.963;146.223;01.04.2019;13:24;Credit card;139.26;4.761.904.762;6.963;04.Nis
891-58-8335;B;Mandalay;Member;Female;Sports and travel;29.61;7;103.635;2.176.335;03.11.2019;15:53;Cash;207.27;4.761.904.762;103.635;06.May
802-43-8934;A;Yangon;Normal;Male;Home and lifestyle;18.28;1;0.914;19.194;3/22/2019;15:05;Credit card;18.28;4.761.904.762;0.914;08.Mar
560-30-5617;B;Mandalay;Normal;Female;Sports and travel;24.77;5;61.925;1.300.425;3/24/2019;18:27;Cash;123.85;4.761.904.762;61.925;08.May
319-74-2561;A;Yangon;Member;Female;Electronic accessories;94.64;3;14.196;298.116;2/21/2019;16:55;Cash;283.92;4.761.904.762;14.196;05.May
549-03-9315;B;Mandalay;Normal;Male;Fashion accessories;94.87;8;37.948;796.908;02.12.2019;12:58;Ewallet;758.96;4.761.904.762;37.948;08.Tem
790-29-1172;B;Mandalay;Normal;Female;Food and beverages;57.34;3;8.601;180.621;03.10.2019;18:59;Credit card;172.02;4.761.904.762;8.601;07.Eyl
239-36-3640;B;Mandalay;Normal;Male;Electronic accessories;45.35;6;13.605;285.705;1/31/2019;13:44;Ewallet;272.1;4.761.904.762;13.605;06.Oca
468-01-2051;B;Mandalay;Normal;Male;Food and beverages;62.08;7;21.728;456.288;03.06.2019;13:46;Ewallet;434.56;4.761.904.762;21.728;05.Nis
213-72-6612;A;Yangon;Normal;Male;Food and beverages;43.25;2;4.325;90.825;3/20/2019;15:56;Cash;86.5;4.761.904.762;4.325;06.Þub
746-68-6593;C;Naypyitaw;Member;Female;Sports and travel;87.16;2;8.716;183.036;01.11.2019;14:29;Credit card;174.32;4.761.904.762;8.716;09.Tem
583-72-1480;C;Naypyitaw;Member;Male;Electronic accessories;37.06;4;7.412;155.652;1/31/2019;16:24;Ewallet;148.24;4.761.904.762;7.412;09.Tem
466-61-5506;B;Mandalay;Member;Female;Electronic accessories;90.7;6;27.21;571.41;2/26/2019;10:52;Cash;544.2;4.761.904.762;27.21;05.Mar
721-86-6247;A;Yangon;Normal;Female;Home and lifestyle;63.42;8;25.368;532.728;03.11.2019;12:55;Ewallet;507.36;4.761.904.762;25.368;07.Nis
289-65-5721;B;Mandalay;Normal;Female;Fashion accessories;81.37;2;8.137;170.877;1/26/2019;19:28;Cash;162.74;4.761.904.762;8.137;06.May
269-04-5750;B;Mandalay;Member;Male;Fashion accessories;73.82;4;14.764;310.044;2/21/2019;18:31;Cash;295.28;4.761.904.762;14.764;06.Tem
157-13-5295;A;Yangon;Member;Male;Health and beauty;51.94;10;25.97;545.37;03.09.2019;18:24;Ewallet;519.4;4.761.904.762;25.97;06.May
645-78-8093;A;Yangon;Normal;Female;Sports and travel;93.14;2;9.314;195.594;1/20/2019;18:09;Ewallet;186.28;4.761.904.762;9.314;04.Oca
211-30-9270;C;Naypyitaw;Normal;Male;Health and beauty;17.41;5;43.525;914.025;1/28/2019;15:16;Credit card;87.05;4.761.904.762;43.525;04.Eyl
755-12-3214;C;Naypyitaw;Member;Female;Fashion accessories;44.22;5;11.055;232.155;03.05.2019;17:07;Credit card;221.1;4.761.904.762;11.055;08.Haz
346-84-3103;B;Mandalay;Member;Female;Electronic accessories;13.22;5;3.305;69.405;03.02.2019;19:26;Cash;66.1;4.761.904.762;3.305;04.Mar
478-06-7835;A;Yangon;Normal;Male;Fashion accessories;89.69;1;44.845;941.745;01.11.2019;11:20;Ewallet;89.69;4.761.904.762;44.845;04.Eyl
540-11-4336;A;Yangon;Normal;Male;Food and beverages;24.94;9;11.223;235.683;01.11.2019;16:49;Credit card;224.46;4.761.904.762;11.223;05.Haz
448-81-5016;A;Yangon;Normal;Male;Health and beauty;59.77;2;5.977;125.517;03.11.2019;12:01;Credit card;119.54;4.761.904.762;5.977;05.Aðu
376-02-8238;B;Mandalay;Normal;Male;Home and lifestyle;93.87;8;37.548;788.508;02.02.2019;18:42;Credit card;750.96;4.761.904.762;37.548;08.Mar
530-90-9855;A;Yangon;Member;Male;Home and lifestyle;47.59;8;19.036;399.756;01.01.2019;14:47;Cash;380.72;4.761.904.762;19.036;05.Tem
604-70-6476;A;Yangon;Member;Male;Fashion accessories;17.94;5;4.485;94.185;1/23/2019;14:04;Ewallet;89.7;4.761.904.762;4.485;06.Aðu
799-71-1548;A;Yangon;Member;Male;Electronic accessories;77.72;4;15.544;326.424;01.07.2019;16:11;Credit card;310.88;4.761.904.762;15.544;08.Aðu
785-13-7708;B;Mandalay;Normal;Male;Food and beverages;73.06;7;25.571;536.991;1/14/2019;19:06;Credit card;511.42;4.761.904.762;25.571;04.Þub
845-51-0542;B;Mandalay;Member;Male;Food and beverages;46.55;9;209.475;4.398.975;02.02.2019;15:34;Ewallet;418.95;4.761.904.762;209.475;06.Nis
662-47-5456;C;Naypyitaw;Member;Male;Fashion accessories;35.19;10;17.595;369.495;3/17/2019;19:06;Credit card;351.9;4.761.904.762;17.595;08.Nis
883-17-4236;C;Naypyitaw;Normal;Female;Sports and travel;14.39;2;1.439;30.219;03.02.2019;19:44;Credit card;28.78;4.761.904.762;1.439;07.Þub
704-11-6354;A;Yangon;Member;Male;Home and lifestyle;58.9;8;23.56;494.76;01.06.2019;11:23;Cash;471.2;4.761.904.762;23.56;08.Eyl
366-93-0948;A;Yangon;Member;Male;Electronic accessories;66.35;1;33.175;696.675;1/31/2019;10:46;Credit card;66.35;4.761.904.762;33.175;09.Tem
729-09-9681;A;Yangon;Member;Male;Home and lifestyle;25.91;6;7.773;163.233;02.05.2019;10:16;Ewallet;155.46;4.761.904.762;7.773;08.Tem
380-94-4661;C;Naypyitaw;Member;Male;Electronic accessories;65.94;4;13.188;276.948;02.07.2019;13:05;Credit card;263.76;4.761.904.762;13.188;06.Eyl
850-41-9669;A;Yangon;Normal;Female;Electronic accessories;75.06;9;33.777;709.317;3/19/2019;13:25;Ewallet;675.54;4.761.904.762;33.777;06.Þub
154-74-7179;B;Mandalay;Normal;Male;Sports and travel;54.45;1;27.225;571.725;2/26/2019;19:24;Ewallet;54.45;4.761.904.762;27.225;07.Eyl
253-12-6086;A;Yangon;Member;Female;Sports and travel;98.4;7;34.44;723.24;03.12.2019;12:43;Credit card;688.8;4.761.904.762;34.44;08.Tem
808-65-0703;C;Naypyitaw;Normal;Male;Home and lifestyle;35.47;4;7.094;148.974;3/14/2019;17:22;Credit card;141.88;4.761.904.762;7.094;06.Eyl
571-94-0759;B;Mandalay;Member;Female;Food and beverages;74.6;10;37.3;783.3;01.08.2019;20:55;Cash;746;4.761.904.762;37.3;09.May
144-51-6085;A;Yangon;Member;Male;Home and lifestyle;70.74;4;14.148;297.108;01.05.2019;16:05;Credit card;282.96;4.761.904.762;14.148;04.Nis
783-09-1637;B;Mandalay;Normal;Female;Sports and travel;67.43;5;168.575;3.540.075;03.06.2019;18:13;Ewallet;337.15;4.761.904.762;168.575;06.Mar
126-54-1082;A;Yangon;Member;Female;Home and lifestyle;21.54;9;9.693;203.553;01.07.2019;11:44;Credit card;193.86;4.761.904.762;9.693;08.Aðu
477-24-6490;B;Mandalay;Normal;Female;Health and beauty;99.71;6;29.913;628.173;2/26/2019;16:52;Ewallet;598.26;4.761.904.762;29.913;07.Eyl
566-19-5475;B;Mandalay;Normal;Male;Fashion accessories;47.97;7;167.895;3.525.795;01.07.2019;20:52;Cash;335.79;4.761.904.762;167.895;06.Þub
376-56-3573;C;Naypyitaw;Normal;Female;Fashion accessories;95.42;4;19.084;400.764;02.02.2019;13:23;Ewallet;381.68;4.761.904.762;19.084;06.Nis
537-72-0426;C;Naypyitaw;Member;Male;Fashion accessories;70.99;10;35.495;745.395;3/20/2019;16:28;Cash;709.9;4.761.904.762;35.495;05.Tem
136-08-6195;A;Yangon;Normal;Female;Home and lifestyle;69.96;8;27.984;587.664;2/15/2019;17:01;Credit card;559.68;4.761.904.762;27.984;06.Nis
490-29-1201;A;Yangon;Normal;Female;Sports and travel;15.34;1;0.767;16.107;01.06.2019;11:09;Cash;15.34;4.761.904.762;0.767;06.May
667-92-0055;A;Yangon;Member;Male;Health and beauty;99.83;6;29.949;628.929;03.04.2019;15:02;Ewallet;598.98;4.761.904.762;29.949;08.May
565-17-3836;A;Yangon;Member;Female;Health and beauty;47.67;4;9.534;200.214;03.12.2019;14:21;Cash;190.68;4.761.904.762;9.534;09.Oca
498-41-1961;B;Mandalay;Normal;Male;Health and beauty;66.68;5;16.67;350.07;2/20/2019;18:01;Cash;333.4;4.761.904.762;16.67;07.Haz
593-95-4461;C;Naypyitaw;Member;Male;Home and lifestyle;74.86;1;3.743;78.603;3/24/2019;14:49;Cash;74.86;4.761.904.762;3.743;06.Eyl
226-71-3580;C;Naypyitaw;Normal;Female;Sports and travel;23.75;9;106.875;2.244.375;1/31/2019;12:02;Cash;213.75;4.761.904.762;106.875;09.May
283-79-9594;B;Mandalay;Normal;Female;Food and beverages;48.51;7;169.785;3.565.485;1/25/2019;13:30;Credit card;339.57;4.761.904.762;169.785;05.Þub
430-60-3493;A;Yangon;Member;Female;Home and lifestyle;94.88;7;33.208;697.368;02.03.2019;14:38;Cash;664.16;4.761.904.762;33.208;04.Þub
278-97-7759;A;Yangon;Member;Female;Electronic accessories;62.48;1;3.124;65.604;2/18/2019;20:29;Cash;62.48;4.761.904.762;3.124;04.Tem
316-68-6352;A;Yangon;Member;Female;Food and beverages;36.36;2;3.636;76.356;1/21/2019;10:00;Cash;72.72;4.761.904.762;3.636;07.Oca
727-75-6477;C;Naypyitaw;Normal;Male;Electronic accessories;28.84;4;5.768;121.128;3/29/2019;14:44;Cash;115.36;4.761.904.762;5.768;06.Nis
744-02-5987;A;Yangon;Member;Male;Home and lifestyle;78.38;6;23.514;493.794;01.10.2019;14:16;Ewallet;470.28;4.761.904.762;23.514;05.Aðu
307-83-9164;A;Yangon;Member;Male;Home and lifestyle;60.01;4;12.002;252.042;1/25/2019;15:54;Cash;240.04;4.761.904.762;12.002;04.May
779-06-0012;C;Naypyitaw;Member;Female;Home and lifestyle;88.61;1;44.305;930.405;1/19/2019;10:21;Cash;88.61;4.761.904.762;44.305;07.Tem
446-47-6729;C;Naypyitaw;Normal;Male;Fashion accessories;99.82;2;9.982;209.622;01.02.2019;18:09;Credit card;199.64;4.761.904.762;9.982;06.Tem
573-10-3877;B;Mandalay;Member;Male;Health and beauty;39.01;1;19.505;409.605;03.12.2019;16:46;Credit card;39.01;4.761.904.762;19.505;04.Tem
735-06-4124;C;Naypyitaw;Normal;Male;Food and beverages;48.61;1;24.305;510.405;2/25/2019;15:31;Cash;48.61;4.761.904.762;24.305;04.Nis
439-54-7422;A;Yangon;Normal;Female;Electronic accessories;51.19;4;10.238;214.998;3/18/2019;17:15;Credit card;204.76;4.761.904.762;10.238;04.Tem
396-90-2219;B;Mandalay;Normal;Female;Electronic accessories;14.96;8;5.984;125.664;2/23/2019;12:29;Cash;119.68;4.761.904.762;5.984;08.Haz
411-77-0180;A;Yangon;Member;Male;Electronic accessories;72.2;7;25.27;530.67;3/26/2019;20:14;Ewallet;505.4;4.761.904.762;25.27;04.Mar
286-01-5402;A;Yangon;Normal;Female;Sports and travel;40.23;7;140.805;2.956.905;3/30/2019;13:22;Cash;281.61;4.761.904.762;140.805;09.Haz
803-17-8013;A;Yangon;Member;Female;Home and lifestyle;88.79;8;35.516;745.836;2/17/2019;17:09;Cash;710.32;4.761.904.762;35.516;04.Oca
512-98-1403;A;Yangon;Member;Female;Electronic accessories;26.48;3;3.972;83.412;3/21/2019;10:40;Ewallet;79.44;4.761.904.762;3.972;04.Tem
848-42-2560;A;Yangon;Normal;Female;Fashion accessories;81.91;2;8.191;172.011;03.05.2019;17:43;Cash;163.82;4.761.904.762;8.191;07.Aðu
532-59-7201;B;Mandalay;Member;Male;Sports and travel;79.93;6;23.979;503.559;1/31/2019;14:04;Cash;479.58;4.761.904.762;23.979;05.May
181-94-6432;C;Naypyitaw;Member;Male;Fashion accessories;69.33;2;6.933;145.593;02.05.2019;19:05;Ewallet;138.66;4.761.904.762;6.933;09.Tem
870-76-1733;A;Yangon;Member;Female;Food and beverages;14.23;5;35.575;747.075;02.01.2019;10:08;Credit card;71.15;4.761.904.762;35.575;04.Nis
227-07-4446;C;Naypyitaw;Member;Female;Electronic accessories;78.13;10;39.065;820.365;02.10.2019;20:51;Cash;781.3;4.761.904.762;39.065;04.Nis
174-36-3675;C;Naypyitaw;Member;Male;Food and beverages;99.37;2;9.937;208.677;2/14/2019;17:29;Cash;198.74;4.761.904.762;9.937;05.Þub
603-07-0961;C;Naypyitaw;Member;Male;Electronic accessories;74.79;5;186.975;3.926.475;01.10.2019;11:34;Cash;373.95;4.761.904.762;186.975;04.Eyl
704-20-4138;C;Naypyitaw;Member;Female;Health and beauty;29.67;7;103.845;2.180.745;03.11.2019;18:58;Credit card;207.69;4.761.904.762;103.845;08.Oca
787-15-1757;C;Naypyitaw;Member;Male;Health and beauty;44.07;4;8.814;185.094;2/18/2019;16:28;Ewallet;176.28;4.761.904.762;8.814;08.Nis
649-11-3678;C;Naypyitaw;Normal;Female;Food and beverages;22.93;9;103.185;2.166.885;2/26/2019;20:26;Cash;206.37;4.761.904.762;103.185;05.May
622-20-1945;C;Naypyitaw;Normal;Female;Health and beauty;39.42;1;1.971;41.391;1/18/2019;15:08;Cash;39.42;4.761.904.762;1.971;08.Nis
372-94-8041;A;Yangon;Normal;Male;Health and beauty;15.26;6;4.578;96.138;2/15/2019;18:03;Ewallet;91.56;4.761.904.762;4.578;09.Aðu
563-91-7120;A;Yangon;Normal;Female;Fashion accessories;61.77;5;154.425;3.242.925;03.08.2019;13:21;Cash;308.85;4.761.904.762;154.425;06.Tem
746-54-5508;A;Yangon;Normal;Male;Home and lifestyle;21.52;6;6.456;135.576;1/17/2019;12:48;Credit card;129.12;4.761.904.762;6.456;09.Nis
276-54-0879;B;Mandalay;Normal;Male;Sports and travel;97.74;4;19.548;410.508;03.12.2019;19:53;Ewallet;390.96;4.761.904.762;19.548;06.Nis
815-11-1168;A;Yangon;Member;Male;Food and beverages;99.78;5;24.945;523.845;03.09.2019;19:09;Cash;498.9;4.761.904.762;24.945;05.Nis
719-76-3868;C;Naypyitaw;Member;Male;Food and beverages;94.26;4;18.852;395.892;03.12.2019;16:30;Cash;377.04;4.761.904.762;18.852;08.Haz
340-66-0321;A;Yangon;Member;Male;Electronic accessories;36.36;4;7.272;152.712;3/25/2019;13:07;Cash;145.44;4.761.904.762;7.272;07.Haz
634-97-8956;A;Yangon;Normal;Male;Food and beverages;32.9;3;4.935;103.635;2/17/2019;17:27;Credit card;98.7;4.761.904.762;4.935;09.Oca
566-71-1091;A;Yangon;Normal;Male;Fashion accessories;77.02;5;19.255;404.355;02.03.2019;15:59;Cash;385.1;4.761.904.762;19.255;05.May
442-48-3607;A;Yangon;Member;Male;Food and beverages;23.48;2;2.348;49.308;3/14/2019;11:21;Credit card;46.96;4.761.904.762;2.348;07.Eyl
527-09-6272;A;Yangon;Member;Female;Electronic accessories;28.45;5;71.125;1.493.625;3/21/2019;10:17;Credit card;142.25;4.761.904.762;71.125;09.Oca
898-04-2717;A;Yangon;Normal;Male;Fashion accessories;76.4;9;34.38;721.98;3/19/2019;15:49;Ewallet;687.6;4.761.904.762;34.38;07.May
692-27-8933;B;Mandalay;Normal;Female;Sports and travel;57.95;6;17.385;365.085;2/24/2019;13:02;Cash;347.7;4.761.904.762;17.385;05.Þub
633-09-3463;C;Naypyitaw;Normal;Female;Electronic accessories;47.65;3;71.475;1.500.975;3/28/2019;12:58;Credit card;142.95;4.761.904.762;71.475;09.May
374-17-3652;B;Mandalay;Member;Female;Food and beverages;42.82;9;19.269;404.649;02.05.2019;15:26;Credit card;385.38;4.761.904.762;19.269;08.Eyl
378-07-7001;B;Mandalay;Member;Male;Electronic accessories;48.09;3;72.135;1.514.835;02.10.2019;18:23;Credit card;144.27;4.761.904.762;72.135;07.Aðu
433-75-6987;B;Mandalay;Member;Female;Health and beauty;55.97;7;195.895;4.113.795;03.05.2019;19:06;Ewallet;391.79;4.761.904.762;195.895;08.Eyl
873-95-4984;B;Mandalay;Member;Female;Health and beauty;76.9;7;26.915;565.215;2/15/2019;20:21;Cash;538.3;4.761.904.762;26.915;07.Tem
416-13-5917;C;Naypyitaw;Normal;Female;Food and beverages;97.03;5;242.575;5.094.075;1/30/2019;16:24;Ewallet;485.15;4.761.904.762;242.575;09.Mar
150-89-8043;A;Yangon;Normal;Male;Sports and travel;44.65;3;66.975;1.406.475;2/14/2019;15:04;Cash;133.95;4.761.904.762;66.975;06.Þub
135-84-8019;A;Yangon;Normal;Female;Fashion accessories;77.93;9;350.685;7.364.385;2/27/2019;16:10;Ewallet;701.37;4.761.904.762;350.685;07.Haz
441-94-7118;A;Yangon;Member;Male;Electronic accessories;71.95;1;35.975;755.475;02.04.2019;12:14;Cash;71.95;4.761.904.762;35.975;07.Mar
725-96-3778;C;Naypyitaw;Member;Female;Home and lifestyle;89.25;8;35.7;749.7;1/20/2019;10:13;Cash;714;4.761.904.762;35.7;04.Tem
860-79-0874;C;Naypyitaw;Member;Female;Fashion accessories;99.3;10;49.65;1042.65;2/15/2019;14:53;Credit card;993;4.761.904.762;49.65;06.Haz
834-61-8124;A;Yangon;Normal;Male;Electronic accessories;51.69;7;180.915;3.799.215;1/26/2019;18:22;Cash;361.83;4.761.904.762;180.915;05.May
115-99-4379;B;Mandalay;Member;Female;Fashion accessories;54.73;7;191.555;4.022.655;3/14/2019;19:02;Credit card;383.11;4.761.904.762;191.555;08.May
320-49-6392;C;Naypyitaw;Normal;Female;Electronic accessories;30.24;1;1.512;31.752;03.04.2019;15:44;Cash;30.24;4.761.904.762;1.512;08.Nis
889-04-9723;B;Mandalay;Member;Female;Food and beverages;89.14;4;17.828;374.388;01.07.2019;12:20;Credit card;356.56;4.761.904.762;17.828;07.Aðu
632-90-0281;C;Naypyitaw;Normal;Female;Fashion accessories;37.55;10;18.775;394.275;03.08.2019;20:01;Credit card;375.5;4.761.904.762;18.775;09.Mar
554-42-2417;C;Naypyitaw;Normal;Female;Sports and travel;95.44;10;47.72;1002.12;01.09.2019;13:45;Cash;954.4;4.761.904.762;47.72;05.Þub
578-80-7669;B;Mandalay;Normal;Male;Sports and travel;74.97;1;37.485;787.185;3/16/2019;16:58;Cash;74.97;4.761.904.762;37.485;05.Haz
612-36-5536;A;Yangon;Member;Male;Food and beverages;80.96;8;32.384;680.064;2/17/2019;11:12;Credit card;647.68;4.761.904.762;32.384;07.Nis
605-72-4132;C;Naypyitaw;Normal;Female;Food and beverages;94.47;8;37.788;793.548;2/27/2019;15:12;Cash;755.76;4.761.904.762;37.788;09.Oca
462-67-9126;A;Yangon;Normal;Male;Home and lifestyle;73.22;6;21.966;461.286;1/21/2019;17:44;Cash;439.32;4.761.904.762;21.966;07.Þub
272-27-9238;C;Naypyitaw;Normal;Female;Food and beverages;41.24;4;8.248;173.208;2/19/2019;16:23;Cash;164.96;4.761.904.762;8.248;07.Oca
834-25-9262;C;Naypyitaw;Normal;Female;Fashion accessories;81.68;4;16.336;343.056;01.06.2019;12:12;Cash;326.72;4.761.904.762;16.336;09.Oca
122-61-9553;C;Naypyitaw;Normal;Female;Electronic accessories;51.32;9;23.094;484.974;3/14/2019;19:33;Cash;461.88;4.761.904.762;23.094;05.Haz
201-86-2184;B;Mandalay;Member;Female;Electronic accessories;26.26;7;9.191;193.011;02.02.2019;19:40;Cash;183.82;4.761.904.762;9.191;09.Eyl
261-12-8671;B;Mandalay;Normal;Female;Fashion accessories;60.96;2;6.096;128.016;1/25/2019;19:39;Credit card;121.92;4.761.904.762;6.096;04.Eyl
730-70-9830;C;Naypyitaw;Normal;Female;Home and lifestyle;70.11;6;21.033;441.693;3/14/2019;17:54;Ewallet;420.66;4.761.904.762;21.033;05.Þub
382-25-8917;C;Naypyitaw;Normal;Male;Fashion accessories;42.08;6;12.624;265.104;1/29/2019;12:25;Cash;252.48;4.761.904.762;12.624;08.Eyl
422-29-8786;A;Yangon;Normal;Female;Home and lifestyle;67.09;5;167.725;3.522.225;01.03.2019;16:47;Credit card;335.45;4.761.904.762;167.725;09.Oca
843-01-4703;B;Mandalay;Member;Female;Home and lifestyle;35.38;9;15.921;334.341;01.05.2019;19:50;Credit card;318.42;4.761.904.762;15.921;09.Haz
743-88-1662;C;Naypyitaw;Normal;Male;Sports and travel;95.49;7;334.215;7.018.515;2/22/2019;18:17;Ewallet;668.43;4.761.904.762;334.215;08.Tem
595-86-2894;C;Naypyitaw;Member;Male;Fashion accessories;96.98;4;19.396;407.316;02.06.2019;17:20;Ewallet;387.92;4.761.904.762;19.396;09.Nis
289-15-7034;A;Yangon;Member;Male;Sports and travel;82.33;4;16.466;345.786;01.11.2019;10:37;Credit card;329.32;4.761.904.762;16.466;07.May
462-78-5240;C;Naypyitaw;Normal;Female;Electronic accessories;26.61;2;2.661;55.881;3/19/2019;14:35;Cash;53.22;4.761.904.762;2.661;04.Þub
868-52-7573;B;Mandalay;Normal;Female;Food and beverages;99.69;5;249.225;5.233.725;1/14/2019;12:09;Cash;498.45;4.761.904.762;249.225;09.Eyl
153-58-4872;C;Naypyitaw;Member;Female;Food and beverages;74.89;4;14.978;314.538;03.01.2019;15:32;Ewallet;299.56;4.761.904.762;14.978;04.Þub
662-72-2873;A;Yangon;Normal;Female;Food and beverages;40.94;5;10.235;214.935;01.06.2019;13:58;Ewallet;204.7;4.761.904.762;10.235;09.Eyl
525-88-7307;B;Mandalay;Member;Male;Sports and travel;75.82;1;3.791;79.611;1/31/2019;13:19;Cash;75.82;4.761.904.762;3.791;05.Aðu
394-41-0748;C;Naypyitaw;Member;Female;Fashion accessories;54.07;9;243.315;5.109.615;1/27/2019;14:55;Ewallet;486.63;4.761.904.762;243.315;09.May
596-42-3999;B;Mandalay;Normal;Male;Food and beverages;18.22;7;6.377;133.917;03.10.2019;14:04;Credit card;127.54;4.761.904.762;6.377;06.Haz
541-89-9860;C;Naypyitaw;Member;Female;Fashion accessories;80.48;3;12.072;253.512;2/15/2019;12:31;Cash;241.44;4.761.904.762;12.072;08.Oca
173-82-9529;B;Mandalay;Normal;Female;Fashion accessories;37.95;10;18.975;398.475;1/26/2019;14:51;Cash;379.5;4.761.904.762;18.975;09.Tem
563-36-9814;A;Yangon;Member;Male;Electronic accessories;76.82;1;3.841;80.661;2/13/2019;18:27;Ewallet;76.82;4.761.904.762;3.841;07.Þub
308-47-4913;A;Yangon;Member;Female;Sports and travel;52.26;10;26.13;548.73;03.09.2019;12:45;Credit card;522.6;4.761.904.762;26.13;06.Þub
885-17-6250;A;Yangon;Normal;Female;Health and beauty;79.74;1;3.987;83.727;03.06.2019;10:36;Ewallet;79.74;4.761.904.762;3.987;07.Mar
726-27-2396;A;Yangon;Normal;Female;Health and beauty;77.5;5;19.375;406.875;1/24/2019;20:36;Ewallet;387.5;4.761.904.762;19.375;04.Mar
316-01-3952;A;Yangon;Normal;Female;Food and beverages;54.27;5;135.675;2.849.175;3/13/2019;14:16;Ewallet;271.35;4.761.904.762;135.675;04.Haz
760-54-1821;B;Mandalay;Normal;Male;Home and lifestyle;13.59;9;61.155;1.284.255;3/15/2019;10:26;Cash;122.31;4.761.904.762;61.155;05.Aðu
793-10-3222;B;Mandalay;Member;Female;Health and beauty;41.06;6;12.318;258.678;03.05.2019;13:30;Credit card;246.36;4.761.904.762;12.318;08.Mar
110-05-6330;C;Naypyitaw;Normal;Female;Food and beverages;39.43;6;11.829;248.409;3/25/2019;20:18;Credit card;236.58;4.761.904.762;11.829;09.Nis
651-61-0874;C;Naypyitaw;Normal;Male;Home and lifestyle;46.22;4;9.244;194.124;03.12.2019;20:04;Credit card;184.88;4.761.904.762;9.244;06.Þub
236-86-3015;C;Naypyitaw;Member;Male;Home and lifestyle;13.98;1;0.699;14.679;02.04.2019;13:38;Ewallet;13.98;4.761.904.762;0.699;09.Aðu
831-64-0259;B;Mandalay;Normal;Female;Fashion accessories;39.75;5;99.375;2.086.875;2/22/2019;10:43;Ewallet;198.75;4.761.904.762;99.375;09.Haz
587-03-7455;C;Naypyitaw;Member;Female;Fashion accessories;97.79;7;342.265;7.187.565;2/16/2019;17:30;Ewallet;684.53;4.761.904.762;342.265;04.Eyl
732-67-5346;A;Yangon;Normal;Male;Food and beverages;13.79;5;34.475;723.975;01.11.2019;19:07;Credit card;68.95;4.761.904.762;34.475;07.Aðu
725-32-9708;B;Mandalay;Member;Female;Fashion accessories;68.71;4;13.742;288.582;01.04.2019;19:01;Cash;274.84;4.761.904.762;13.742;04.Oca
256-08-8343;A;Yangon;Normal;Female;Home and lifestyle;56.53;4;11.306;237.426;03.04.2019;19:48;Ewallet;226.12;4.761.904.762;11.306;05.May
372-26-1506;C;Naypyitaw;Normal;Female;Fashion accessories;23.82;5;5.955;125.055;1/28/2019;19:24;Ewallet;119.1;4.761.904.762;5.955;05.Nis
244-08-0162;B;Mandalay;Normal;Female;Health and beauty;34.21;10;17.105;359.205;01.02.2019;13:00;Cash;342.1;4.761.904.762;17.105;05.Oca
569-71-4390;B;Mandalay;Normal;Male;Sports and travel;21.87;2;2.187;45.927;1/25/2019;14:29;Ewallet;43.74;4.761.904.762;2.187;06.Eyl
132-23-6451;A;Yangon;Member;Male;Health and beauty;20.97;5;52.425;1.100.925;01.04.2019;13:21;Cash;104.85;4.761.904.762;52.425;07.Aðu
696-90-2548;A;Yangon;Normal;Male;Sports and travel;25.84;3;3.876;81.396;03.10.2019;18:55;Ewallet;77.52;4.761.904.762;3.876;06.Haz
472-15-9636;A;Yangon;Normal;Male;Home and lifestyle;50.93;8;20.372;427.812;3/22/2019;19:36;Ewallet;407.44;4.761.904.762;20.372;09.Þub
268-03-6164;B;Mandalay;Normal;Male;Health and beauty;96.11;1;48.055;1.009.155;1/25/2019;16:28;Ewallet;96.11;4.761.904.762;48.055;07.Aðu
750-57-9686;C;Naypyitaw;Normal;Female;Home and lifestyle;45.38;4;9.076;190.596;01.08.2019;13:48;Credit card;181.52;4.761.904.762;9.076;08.Tem
186-09-3669;C;Naypyitaw;Member;Female;Health and beauty;81.51;1;40.755;855.855;1/22/2019;10:57;Ewallet;81.51;4.761.904.762;40.755;09.Þub
848-07-1692;B;Mandalay;Normal;Female;Health and beauty;57.22;2;5.722;120.162;01.12.2019;17:13;Ewallet;114.44;4.761.904.762;5.722;08.Mar
745-71-3520;A;Yangon;Member;Female;Electronic accessories;25.22;7;8.827;185.367;02.04.2019;10:23;Cash;176.54;4.761.904.762;8.827;08.Þub
740-22-2500;C;Naypyitaw;Normal;Female;Electronic accessories;84.05;3;126.075;2.647.575;1/23/2019;13:29;Cash;252.15;4.761.904.762;126.075;09.Aðu
271-88-8734;C;Naypyitaw;Member;Female;Fashion accessories;97.21;10;48.605;1.020.705;02.08.2019;13:00;Credit card;972.1;4.761.904.762;48.605;08.Tem
301-81-8610;B;Mandalay;Member;Male;Fashion accessories;25.42;8;10.168;213.528;3/19/2019;19:42;Credit card;203.36;4.761.904.762;10.168;06.Tem
269-10-8440;A;Yangon;Member;Male;Health and beauty;53.17;7;186.095;3.907.995;1/21/2019;18:01;Cash;372.19;4.761.904.762;186.095;08.Eyl
741-73-3559;B;Mandalay;Normal;Male;Sports and travel;67.27;5;168.175;3.531.675;2/27/2019;17:27;Cash;336.35;4.761.904.762;168.175;06.Eyl
325-77-6186;A;Yangon;Member;Female;Home and lifestyle;90.65;10;45.325;951.825;03.08.2019;10:53;Ewallet;906.5;4.761.904.762;45.325;07.Mar
286-75-7818;B;Mandalay;Normal;Male;Fashion accessories;69.08;2;6.908;145.068;1/31/2019;19:48;Credit card;138.16;4.761.904.762;6.908;06.Eyl
574-57-9721;C;Naypyitaw;Normal;Male;Food and beverages;43.27;2;4.327;90.867;03.08.2019;16:53;Ewallet;86.54;4.761.904.762;4.327;05.Tem
459-50-7686;A;Yangon;Normal;Female;Electronic accessories;23.46;6;7.038;147.798;1/13/2019;19:14;Ewallet;140.76;4.761.904.762;7.038;06.Nis
616-87-0016;B;Mandalay;Normal;Male;Fashion accessories;95.54;7;33.439;702.219;03.09.2019;14:36;Credit card;668.78;4.761.904.762;33.439;09.Haz
837-55-7229;B;Mandalay;Normal;Female;Fashion accessories;47.44;1;2.372;49.812;2/22/2019;18:19;Credit card;47.44;4.761.904.762;2.372;06.Aðu
257-73-1380;C;Naypyitaw;Member;Male;Sports and travel;82.93;4;16.586;348.306;1/20/2019;16:51;Ewallet;331.72;4.761.904.762;16.586;09.Haz
345-08-4992;A;Yangon;Normal;Male;Home and lifestyle;33.99;6;10.197;214.137;03.08.2019;15:37;Credit card;203.94;4.761.904.762;10.197;07.Tem
810-60-6344;C;Naypyitaw;Normal;Female;Electronic accessories;40.86;8;16.344;343.224;02.07.2019;14:38;Credit card;326.88;4.761.904.762;16.344;06.May
394-30-3170;B;Mandalay;Member;Female;Sports and travel;88.43;8;35.372;742.812;3/22/2019;19:35;Credit card;707.44;4.761.904.762;35.372;04.Mar
138-17-5109;A;Yangon;Member;Female;Home and lifestyle;89.21;9;401.445;8.430.345;1/15/2019;15:42;Credit card;802.89;4.761.904.762;401.445;06.May
390-80-5128;B;Mandalay;Member;Female;Health and beauty;19.15;1;0.9575;201.075;1/28/2019;17:58;Credit card;19.15;4.761.904.762;0.9575;09.May
235-46-8343;C;Naypyitaw;Member;Male;Food and beverages;27.66;10;13.83;290.43;2/14/2019;11:26;Credit card;276.6;4.761.904.762;13.83;08.Eyl
453-12-7053;C;Naypyitaw;Normal;Male;Fashion accessories;45.74;3;6.861;144.081;03.10.2019;17:38;Credit card;137.22;4.761.904.762;6.861;06.May
449-27-2918;B;Mandalay;Member;Female;Sports and travel;39.12;1;1.956;41.076;3/26/2019;11:02;Credit card;39.12;4.761.904.762;1.956;09.Haz
891-01-7034;B;Mandalay;Normal;Female;Electronic accessories;74.71;6;22.413;470.673;01.01.2019;19:07;Cash;448.26;4.761.904.762;22.413;06.Tem
727-17-0390;A;Yangon;Normal;Female;Food and beverages;63.61;5;159.025;3.339.525;3/16/2019;12:43;Ewallet;318.05;4.761.904.762;159.025;04.Aðu
187-83-5490;A;Yangon;Member;Male;Electronic accessories;20.77;4;4.154;87.234;1/31/2019;13:47;Cash;83.08;4.761.904.762;4.154;04.Tem
710-46-4433;B;Mandalay;Member;Female;Food and beverages;77.4;9;34.83;731.43;2/15/2019;14:15;Credit card;696.6;4.761.904.762;34.83;04.May
533-33-5337;B;Mandalay;Normal;Male;Electronic accessories;79.39;10;39.695;833.595;02.07.2019;20:24;Cash;793.9;4.761.904.762;39.695;06.Þub
325-90-8763;C;Naypyitaw;Member;Female;Electronic accessories;46.57;10;23.285;488.985;1/27/2019;13:58;Cash;465.7;4.761.904.762;23.285;07.Haz
729-46-7422;C;Naypyitaw;Normal;Male;Food and beverages;35.89;1;17.945;376.845;2/23/2019;16:52;Credit card;35.89;4.761.904.762;17.945;07.Eyl
234-03-4040;B;Mandalay;Member;Female;Food and beverages;73.05;10;36.525;767.025;03.03.2019;12:25;Credit card;730.5;4.761.904.762;36.525;08.Tem
326-71-2155;C;Naypyitaw;Normal;Female;Sports and travel;73.95;4;14.79;310.59;02.03.2019;10:02;Cash;295.8;4.761.904.762;14.79;06.Oca
320-32-8842;C;Naypyitaw;Member;Female;Food and beverages;22.62;1;1.131;23.751;3/17/2019;18:58;Cash;22.62;4.761.904.762;1.131;06.Nis
470-32-9057;A;Yangon;Member;Male;Food and beverages;51.34;5;12.835;269.535;3/28/2019;15:31;Credit card;256.7;4.761.904.762;12.835;09.Oca
878-30-2331;C;Naypyitaw;Member;Female;Sports and travel;54.55;10;27.275;572.775;03.02.2019;11:22;Credit card;545.5;4.761.904.762;27.275;07.Oca
440-59-5691;C;Naypyitaw;Member;Female;Health and beauty;37.15;7;130.025;2.730.525;02.08.2019;13:12;Credit card;260.05;4.761.904.762;130.025;07.Tem
554-53-3790;B;Mandalay;Normal;Male;Sports and travel;37.02;6;11.106;233.226;3/22/2019;18:33;Cash;222.12;4.761.904.762;11.106;04.May
746-19-0921;C;Naypyitaw;Normal;Male;Food and beverages;21.58;1;1.079;22.659;02.09.2019;10:02;Ewallet;21.58;4.761.904.762;1.079;07.Þub
233-34-0817;C;Naypyitaw;Member;Female;Electronic accessories;98.84;1;4.942;103.782;2/15/2019;11:21;Cash;98.84;4.761.904.762;4.942;08.Nis
767-05-1286;C;Naypyitaw;Member;Female;Home and lifestyle;83.77;6;25.131;527.751;1/23/2019;12:10;Ewallet;502.62;4.761.904.762;25.131;05.Nis
405-31-3305;A;Yangon;Member;Male;Fashion accessories;43.13;10;21.565;452.865;02.02.2019;18:31;Credit card;431.3;4.761.904.762;21.565;05.May
731-59-7531;B;Mandalay;Member;Male;Health and beauty;72.57;8;29.028;609.588;3/30/2019;17:58;Cash;580.56;4.761.904.762;29.028;04.Haz
502-05-1910;A;Yangon;Normal;Male;Health and beauty;65.18;3;9.777;205.317;2/25/2019;20:35;Credit card;195.54;4.761.904.762;9.777;06.Mar
485-30-8700;A;Yangon;Normal;Female;Sports and travel;33.26;5;8.315;174.615;3/18/2019;16:10;Credit card;166.3;4.761.904.762;8.315;04.Þub
598-47-9715;C;Naypyitaw;Normal;Male;Electronic accessories;84.07;4;16.814;353.094;03.07.2019;16:54;Ewallet;336.28;4.761.904.762;16.814;04.Nis
701-69-8742;B;Mandalay;Normal;Male;Sports and travel;34.37;10;17.185;360.885;3/16/2019;10:11;Ewallet;343.7;4.761.904.762;17.185;06.Tem
541-08-3113;C;Naypyitaw;Normal;Male;Food and beverages;65.97;8;26.388;554.148;02.02.2019;20:29;Cash;527.76;4.761.904.762;26.388;08.Nis
438-01-4015;B;Mandalay;Member;Female;Sports and travel;49.49;4;9.898;207.858;3/21/2019;15:25;Ewallet;197.96;4.761.904.762;9.898;06.Haz
709-58-4068;B;Mandalay;Normal;Female;Fashion accessories;41.09;10;20.545;431.445;2/28/2019;14:42;Cash;410.9;4.761.904.762;20.545;07.Mar
556-72-8512;C;Naypyitaw;Normal;Male;Home and lifestyle;22.96;1;1.148;24.108;1/30/2019;20:47;Cash;22.96;4.761.904.762;1.148;04.Mar
627-95-3243;B;Mandalay;Member;Female;Home and lifestyle;77.68;9;34.956;734.076;02.04.2019;13:21;Ewallet;699.12;4.761.904.762;34.956;09.Aðu
608-04-3797;B;Mandalay;Member;Female;Health and beauty;25.32;8;10.128;212.688;03.05.2019;20:24;Ewallet;202.56;4.761.904.762;10.128;08.Tem
437-53-3084;B;Mandalay;Normal;Male;Fashion accessories;99.89;2;9.989;209.769;2/26/2019;11:48;Ewallet;199.78;4.761.904.762;9.989;07.Oca
632-32-4574;B;Mandalay;Normal;Male;Sports and travel;75.92;8;30.368;637.728;3/20/2019;14:14;Cash;607.36;4.761.904.762;30.368;05.May
556-97-7101;C;Naypyitaw;Normal;Female;Electronic accessories;63.22;2;6.322;132.762;01.01.2019;15:51;Cash;126.44;4.761.904.762;6.322;08.May
862-59-8517;C;Naypyitaw;Normal;Female;Food and beverages;90.24;6;27.072;568.512;1/27/2019;11:17;Cash;541.44;4.761.904.762;27.072;06.Þub
401-18-8016;B;Mandalay;Member;Female;Sports and travel;98.13;1;49.065;1.030.365;1/21/2019;17:36;Cash;98.13;4.761.904.762;49.065;08.Eyl
420-18-8989;A;Yangon;Member;Female;Sports and travel;51.52;8;20.608;432.768;02.02.2019;15:47;Cash;412.16;4.761.904.762;20.608;09.Haz
277-63-2961;B;Mandalay;Member;Male;Sports and travel;73.97;1;36.985;776.685;02.03.2019;15:53;Credit card;73.97;4.761.904.762;36.985;05.Nis
573-98-8548;C;Naypyitaw;Member;Female;Fashion accessories;31.9;1;1.595;33.495;01.05.2019;12:40;Ewallet;31.9;4.761.904.762;1.595;09.Oca
282-35-2475;B;Mandalay;Normal;Female;Sports and travel;93.31;2;9.331;195.951;3/25/2019;17:53;Cash;186.62;4.761.904.762;9.331;06.Mar
511-54-3087;B;Mandalay;Normal;Male;Sports and travel;88.45;1;44.225;928.725;2/25/2019;16:36;Credit card;88.45;4.761.904.762;44.225;09.May
726-29-6793;A;Yangon;Member;Male;Electronic accessories;24.18;8;9.672;203.112;1/28/2019;20:54;Ewallet;193.44;4.761.904.762;9.672;09.Aðu
387-49-4215;B;Mandalay;Member;Female;Sports and travel;48.5;3;7.275;152.775;01.08.2019;12:50;Cash;145.5;4.761.904.762;7.275;06.Tem
862-17-9201;B;Mandalay;Normal;Female;Food and beverages;84.05;6;25.215;529.515;1/29/2019;10:48;Credit card;504.3;4.761.904.762;25.215;07.Tem
602-80-9671;C;Naypyitaw;Member;Female;Home and lifestyle;15.95;6;4.785;100.485;02.09.2019;17:15;Credit card;95.7;4.761.904.762;4.785;05.Oca
347-72-6115;B;Mandalay;Member;Female;Sports and travel;90.74;7;31.759;666.939;1/16/2019;18:03;Credit card;635.18;4.761.904.762;31.759;06.Þub
209-61-0206;A;Yangon;Normal;Female;Home and lifestyle;42.91;5;107.275;2.252.775;01.05.2019;17:29;Ewallet;214.55;4.761.904.762;107.275;06.Oca
595-27-4851;A;Yangon;Normal;Female;Fashion accessories;54.28;7;18.998;398.958;1/27/2019;18:05;Ewallet;379.96;4.761.904.762;18.998;09.Mar
189-52-0236;A;Yangon;Normal;Male;Electronic accessories;99.55;7;348.425;7.316.925;3/14/2019;12:07;Cash;696.85;4.761.904.762;348.425;07.Haz
503-07-0930;C;Naypyitaw;Member;Male;Sports and travel;58.39;7;204.365;4.291.665;2/23/2019;19:49;Credit card;408.73;4.761.904.762;204.365;08.Þub
413-20-6708;C;Naypyitaw;Member;Female;Fashion accessories;51.47;1;25.735;540.435;3/18/2019;15:52;Ewallet;51.47;4.761.904.762;25.735;08.May
425-85-2085;B;Mandalay;Member;Male;Health and beauty;54.86;5;13.715;288.015;3/29/2019;16:48;Ewallet;274.3;4.761.904.762;13.715;09.Aðu
521-18-7827;C;Naypyitaw;Member;Male;Home and lifestyle;39.39;5;98.475;2.067.975;1/22/2019;20:46;Credit card;196.95;4.761.904.762;98.475;08.Tem
220-28-1851;A;Yangon;Normal;Male;Home and lifestyle;34.73;2;3.473;72.933;03.01.2019;18:14;Ewallet;69.46;4.761.904.762;3.473;09.Tem
600-38-9738;C;Naypyitaw;Member;Male;Sports and travel;71.92;5;17.98;377.58;1/17/2019;15:05;Credit card;359.6;4.761.904.762;17.98;04.Mar
734-91-1155;B;Mandalay;Normal;Female;Electronic accessories;45.71;3;68.565;1.439.865;3/26/2019;10:34;Credit card;137.13;4.761.904.762;68.565;07.Tem
451-28-5717;C;Naypyitaw;Member;Female;Home and lifestyle;83.17;6;24.951;523.971;3/20/2019;11:23;Cash;499.02;4.761.904.762;24.951;07.Mar
609-81-8548;A;Yangon;Member;Female;Home and lifestyle;37.44;6;11.232;235.872;02.06.2019;13:55;Credit card;224.64;4.761.904.762;11.232;05.Eyl
719-89-8991;A;Yangon;Member;Female;Sports and travel;91.41;5;228.525;4.799.025;2/25/2019;16:03;Ewallet;457.05;4.761.904.762;228.525;07.Oca
339-38-9982;B;Mandalay;Member;Male;Fashion accessories;59.86;2;5.986;125.706;1/13/2019;14:55;Ewallet;119.72;4.761.904.762;5.986;06.Tem
827-44-5872;B;Mandalay;Member;Female;Food and beverages;54.36;10;27.18;570.78;02.07.2019;11:28;Credit card;543.6;4.761.904.762;27.18;06.Oca
827-77-7633;A;Yangon;Normal;Male;Sports and travel;98.09;9;441.405;9.269.505;2/17/2019;19:41;Cash;882.81;4.761.904.762;441.405;09.Mar
435-13-4908;A;Yangon;Member;Male;Fashion accessories;86.68;8;34.672;728.112;1/24/2019;18:04;Credit card;693.44;4.761.904.762;34.672;07.Þub
857-67-9057;B;Mandalay;Normal;Male;Electronic accessories;22.95;10;11.475;240.975;02.06.2019;19:20;Ewallet;229.5;4.761.904.762;11.475;08.Þub
236-27-1144;C;Naypyitaw;Normal;Female;Food and beverages;16.31;9;73.395;1.541.295;3/26/2019;10:31;Ewallet;146.79;4.761.904.762;73.395;08.Nis
583-41-4548;C;Naypyitaw;Normal;Male;Home and lifestyle;16.67;7;58.345;1.225.245;02.07.2019;11:36;Ewallet;116.69;4.761.904.762;58.345;07.Nis
643-38-7867;A;Yangon;Normal;Male;Home and lifestyle;97.94;1;4.897;102.837;03.07.2019;11:44;Ewallet;97.94;4.761.904.762;4.897;06.Eyl
308-81-0538;A;Yangon;Normal;Female;Fashion accessories;73.05;4;14.61;306.81;2/25/2019;17:16;Credit card;292.2;4.761.904.762;14.61;04.Eyl
358-88-9262;C;Naypyitaw;Member;Female;Food and beverages;87.48;6;26.244;551.124;02.01.2019;18:43;Ewallet;524.88;4.761.904.762;26.244;05.Oca
460-35-4390;A;Yangon;Normal;Male;Home and lifestyle;30.68;3;4.602;96.642;1/22/2019;11:00;Ewallet;92.04;4.761.904.762;4.602;09.Oca
343-87-0864;C;Naypyitaw;Member;Male;Health and beauty;75.88;1;3.794;79.674;01.03.2019;10:30;Credit card;75.88;4.761.904.762;3.794;07.Oca
243-47-2663;C;Naypyitaw;Member;Male;Electronic accessories;18.77;6;5.631;118.251;1/28/2019;16:43;Credit card;112.62;4.761.904.762;5.631;05.May
701-23-5550;B;Mandalay;Member;Male;Home and lifestyle;38.81;4;7.762;163.002;3/19/2019;13:40;Ewallet;155.24;4.761.904.762;7.762;04.Eyl
647-50-1224;A;Yangon;Normal;Female;Fashion accessories;29.42;10;14.71;308.91;01.12.2019;16:23;Ewallet;294.2;4.761.904.762;14.71;08.Eyl
539-21-7227;B;Mandalay;Normal;Female;Sports and travel;51.54;5;12.885;270.585;1/26/2019;17:45;Cash;257.7;4.761.904.762;12.885;04.Þub
213-32-1216;A;Yangon;Normal;Female;Electronic accessories;66.06;6;19.818;416.178;1/23/2019;10:28;Cash;396.36;4.761.904.762;19.818;07.Mar
747-58-7183;B;Mandalay;Normal;Male;Fashion accessories;57.27;3;85.905;1.804.005;02.09.2019;20:31;Ewallet;171.81;4.761.904.762;85.905;06.May
582-52-8065;B;Mandalay;Normal;Female;Fashion accessories;54.31;9;244.395;5.132.295;2/22/2019;10:49;Cash;488.79;4.761.904.762;244.395;08.Eyl
210-57-1719;B;Mandalay;Normal;Female;Health and beauty;58.24;9;26.208;550.368;02.05.2019;12:34;Cash;524.16;4.761.904.762;26.208;09.Tem
399-69-4630;C;Naypyitaw;Normal;Male;Electronic accessories;22.21;6;6.663;139.923;03.07.2019;10:23;Credit card;133.26;4.761.904.762;6.663;08.Haz
134-75-2619;A;Yangon;Member;Male;Electronic accessories;19.32;7;6.762;142.002;3/25/2019;18:51;Cash;135.24;4.761.904.762;6.762;06.Eyl
356-44-8813;B;Mandalay;Normal;Male;Home and lifestyle;37.48;3;5.622;118.062;1/20/2019;13:45;Credit card;112.44;4.761.904.762;5.622;07.Tem
198-66-9832;B;Mandalay;Member;Female;Fashion accessories;72.04;2;7.204;151.284;02.04.2019;19:38;Cash;144.08;4.761.904.762;7.204;09.May
283-26-5248;C;Naypyitaw;Member;Female;Food and beverages;98.52;10;49.26;1034.46;1/30/2019;20:23;Ewallet;985.2;4.761.904.762;49.26;04.May
712-39-0363;A;Yangon;Member;Male;Food and beverages;41.66;6;12.498;262.458;01.02.2019;15:24;Ewallet;249.96;4.761.904.762;12.498;05.Haz
218-59-9410;A;Yangon;Member;Female;Home and lifestyle;72.42;3;10.863;228.123;3/29/2019;16:54;Ewallet;217.26;4.761.904.762;10.863;08.Þub
174-75-0888;B;Mandalay;Normal;Male;Electronic accessories;21.58;9;9.711;203.931;3/14/2019;12:32;Cash;194.22;4.761.904.762;9.711;07.Mar
866-99-7614;C;Naypyitaw;Normal;Male;Food and beverages;89.2;10;44.6;936.6;02.11.2019;15:42;Credit card;892;4.761.904.762;44.6;04.Nis
134-54-4720;B;Mandalay;Normal;Female;Electronic accessories;42.42;8;16.968;356.328;1/30/2019;13:58;Ewallet;339.36;4.761.904.762;16.968;05.Tem
698-98-5964;A;Yangon;Normal;Female;Food and beverages;81.21;10;40.605;852.705;1/17/2019;13:01;Credit card;812.1;4.761.904.762;40.605;06.Mar
718-57-9773;C;Naypyitaw;Normal;Female;Sports and travel;49.33;10;24.665;517.965;02.03.2019;16:40;Credit card;493.3;4.761.904.762;24.665;09.Nis
651-88-7328;A;Yangon;Normal;Female;Fashion accessories;65.74;9;29.583;621.243;01.01.2019;13:55;Cash;591.66;4.761.904.762;29.583;07.Tem
241-11-2261;B;Mandalay;Normal;Female;Fashion accessories;79.86;7;27.951;586.971;01.10.2019;10:33;Credit card;559.02;4.761.904.762;27.951;05.May
408-26-9866;C;Naypyitaw;Normal;Female;Sports and travel;73.98;7;25.893;543.753;03.02.2019;16:42;Ewallet;517.86;4.761.904.762;25.893;04.Oca
834-83-1826;B;Mandalay;Member;Female;Home and lifestyle;82.04;5;20.51;430.71;2/25/2019;17:16;Credit card;410.2;4.761.904.762;20.51;07.Haz
343-61-3544;B;Mandalay;Member;Male;Sports and travel;26.67;10;13.335;280.035;1/29/2019;11:48;Cash;266.7;4.761.904.762;13.335;08.Haz
355-34-6244;B;Mandalay;Normal;Male;Food and beverages;72.39;2;7.239;152.019;1/13/2019;19:55;Credit card;144.78;4.761.904.762;7.239;08.Oca
550-84-8664;A;Yangon;Normal;Male;Sports and travel;85.91;5;214.775;4.510.275;3/22/2019;14:33;Credit card;429.55;4.761.904.762;214.775;08.Haz
339-96-8318;B;Mandalay;Member;Male;Fashion accessories;81.31;7;284.585;5.976.285;03.01.2019;19:49;Ewallet;569.17;4.761.904.762;284.585;06.Mar
592-34-6155;C;Naypyitaw;Normal;Male;Food and beverages;31.77;4;6.354;133.434;1/14/2019;14:43;Ewallet;127.08;4.761.904.762;6.354;06.Þub
797-88-0493;A;Yangon;Normal;Female;Health and beauty;64.27;4;12.854;269.934;3/26/2019;13:54;Cash;257.08;4.761.904.762;12.854;07.Tem
207-73-1363;B;Mandalay;Normal;Male;Health and beauty;69.51;2;6.951;145.971;03.01.2019;12:15;Ewallet;139.02;4.761.904.762;6.951;08.Oca
390-31-6381;C;Naypyitaw;Normal;Male;Food and beverages;27.22;3;4.083;85.743;01.07.2019;12:37;Cash;81.66;4.761.904.762;4.083;07.Mar
443-82-0585;A;Yangon;Member;Female;Health and beauty;77.68;4;15.536;326.256;02.01.2019;19:54;Cash;310.72;4.761.904.762;15.536;08.Nis
127-47-6963;A;Yangon;Normal;Male;Health and beauty;51.71;4;10.342;217.182;03.09.2019;13:53;Credit card;206.84;4.761.904.762;10.342;09.Aðu
278-86-2735;A;Yangon;Normal;Female;Food and beverages;52.34;3;7.851;164.871;3/27/2019;14:03;Cash;157.02;4.761.904.762;7.851;09.Þub
695-28-6250;A;Yangon;Normal;Female;Sports and travel;43.06;5;10.765;226.065;02.04.2019;16:38;Ewallet;215.3;4.761.904.762;10.765;07.Tem
379-17-6588;C;Naypyitaw;Normal;Male;Fashion accessories;59.61;10;29.805;625.905;3/14/2019;11:07;Cash;596.1;4.761.904.762;29.805;05.Mar
227-50-3718;A;Yangon;Normal;Male;Health and beauty;14.62;5;3.655;76.755;03.04.2019;12:23;Cash;73.1;4.761.904.762;3.655;04.Nis
302-15-2162;C;Naypyitaw;Member;Male;Health and beauty;46.53;6;13.959;293.139;03.03.2019;10:54;Credit card;279.18;4.761.904.762;13.959;04.Mar
788-07-8452;C;Naypyitaw;Member;Female;Home and lifestyle;24.24;7;8.484;178.164;1/27/2019;17:38;Ewallet;169.68;4.761.904.762;8.484;09.Nis
560-49-6611;A;Yangon;Member;Female;Sports and travel;45.58;1;2.279;47.859;02.07.2019;14:13;Cash;45.58;4.761.904.762;2.279;09.Aðu
585-11-6748;B;Mandalay;Member;Male;Sports and travel;96.8;3;14.52;304.92;3/15/2019;13:05;Cash;290.4;4.761.904.762;14.52;05.Mar
470-31-3286;B;Mandalay;Normal;Male;Health and beauty;14.82;3;2.223;46.683;03.01.2019;11:30;Credit card;44.46;4.761.904.762;2.223;08.Tem
123-35-4896;C;Naypyitaw;Normal;Female;Sports and travel;46.66;9;20.997;440.937;2/17/2019;19:11;Ewallet;419.94;4.761.904.762;20.997;05.Mar
258-69-7810;C;Naypyitaw;Normal;Female;Fashion accessories;36.85;5;92.125;1.934.625;1/26/2019;18:53;Cash;184.25;4.761.904.762;92.125;09.Þub
334-64-2006;A;Yangon;Member;Female;Home and lifestyle;70.32;2;7.032;147.672;3/24/2019;14:22;Ewallet;140.64;4.761.904.762;7.032;09.Haz
219-61-4139;C;Naypyitaw;Normal;Male;Electronic accessories;83.08;1;4.154;87.234;1/23/2019;17:16;Ewallet;83.08;4.761.904.762;4.154;06.Nis
881-41-7302;C;Naypyitaw;Normal;Female;Fashion accessories;64.99;1;32.495;682.395;1/26/2019;10:06;Credit card;64.99;4.761.904.762;32.495;04.May
373-09-4567;C;Naypyitaw;Normal;Male;Food and beverages;77.56;10;38.78;814.38;3/14/2019;20:35;Ewallet;775.6;4.761.904.762;38.78;06.Eyl
642-30-6693;B;Mandalay;Normal;Female;Sports and travel;54.51;6;16.353;343.413;3/17/2019;13:54;Ewallet;327.06;4.761.904.762;16.353;07.Aðu
484-22-8230;C;Naypyitaw;Member;Female;Fashion accessories;51.89;7;181.615;3.813.915;01.08.2019;20:08;Cash;363.23;4.761.904.762;181.615;04.May
559-98-9873;A;Yangon;Member;Female;Fashion accessories;53.65;7;187.775;3.943.275;02.10.2019;12:56;Ewallet;375.55;4.761.904.762;187.775;05.Þub
544-32-5024;C;Naypyitaw;Member;Female;Food and beverages;49.79;4;9.958;209.118;3/28/2019;19:16;Credit card;199.16;4.761.904.762;9.958;06.Nis
318-12-0304;A;Yangon;Normal;Male;Fashion accessories;30.61;1;15.305;321.405;1/23/2019;12:20;Ewallet;30.61;4.761.904.762;15.305;05.Þub
349-97-8902;B;Mandalay;Member;Male;Food and beverages;57.89;2;5.789;121.569;1/17/2019;10:37;Ewallet;115.78;4.761.904.762;5.789;08.Eyl
421-95-9805;A;Yangon;Normal;Female;Electronic accessories;28.96;1;1.448;30.408;02.07.2019;10:18;Credit card;28.96;4.761.904.762;1.448;06.Þub
277-35-5865;C;Naypyitaw;Member;Female;Food and beverages;98.97;9;445.365;9.352.665;03.09.2019;11:23;Cash;890.73;4.761.904.762;445.365;06.Tem
789-23-8625;B;Mandalay;Member;Male;Fashion accessories;93.22;3;13.983;293.643;1/24/2019;11:45;Cash;279.66;4.761.904.762;13.983;07.Þub
443-59-0061;A;Yangon;Member;Male;Food and beverages;67.45;10;33.725;708.225;02.03.2019;11:25;Ewallet;674.5;4.761.904.762;33.725;04.Þub
509-29-3912;A;Yangon;Member;Female;Sports and travel;38.72;9;17.424;365.904;3/20/2019;12:24;Ewallet;348.48;4.761.904.762;17.424;04.Þub
327-40-9673;B;Mandalay;Member;Male;Sports and travel;72.6;6;21.78;457.38;1/13/2019;19:51;Cash;435.6;4.761.904.762;21.78;06.Eyl
840-19-2096;C;Naypyitaw;Member;Male;Electronic accessories;87.91;5;219.775;4.615.275;3/14/2019;18:10;Ewallet;439.55;4.761.904.762;219.775;04.Nis
641-96-3695;C;Naypyitaw;Member;Female;Fashion accessories;43.46;6;13.038;273.798;02.07.2019;17:55;Ewallet;260.76;4.761.904.762;13.038;08.May
420-97-3340;A;Yangon;Normal;Female;Food and beverages;71.68;3;10.752;225.792;3/28/2019;15:30;Credit card;215.04;4.761.904.762;10.752;09.Þub
436-54-4512;A;Yangon;Member;Female;Food and beverages;91.61;1;45.805;961.905;3/20/2019;19:44;Cash;91.61;4.761.904.762;45.805;09.Aðu
670-79-6321;B;Mandalay;Member;Female;Home and lifestyle;94.59;7;331.065;6.952.365;1/17/2019;15:27;Credit card;662.13;4.761.904.762;331.065;04.Eyl
852-62-7105;B;Mandalay;Normal;Female;Fashion accessories;83.25;10;41.625;874.125;01.12.2019;11:25;Credit card;832.5;4.761.904.762;41.625;04.Nis
598-06-7312;B;Mandalay;Member;Male;Fashion accessories;91.35;1;45.675;959.175;2/16/2019;15:42;Cash;91.35;4.761.904.762;45.675;06.Aðu
135-13-8269;B;Mandalay;Member;Female;Food and beverages;78.88;2;7.888;165.648;1/26/2019;16:04;Cash;157.76;4.761.904.762;7.888;09.Oca
816-57-2053;A;Yangon;Normal;Male;Sports and travel;60.87;2;6.087;127.827;03.09.2019;12:37;Ewallet;121.74;4.761.904.762;6.087;08.Tem
856-66-2701;A;Yangon;Member;Male;Home and lifestyle;53.3;3;7.995;167.895;1/25/2019;14:19;Ewallet;159.9;4.761.904.762;7.995;07.May
149-61-1929;A;Yangon;Normal;Male;Sports and travel;64.19;10;32.095;673.995;1/19/2019;14:08;Credit card;641.9;4.761.904.762;32.095;06.Tem
655-07-2265;A;Yangon;Normal;Male;Electronic accessories;78.31;3;117.465;2.466.765;03.05.2019;16:38;Ewallet;234.93;4.761.904.762;117.465;05.Nis
420-04-7590;B;Mandalay;Normal;Male;Home and lifestyle;99.7;3;14.955;314.055;3/18/2019;11:29;Ewallet;299.1;4.761.904.762;14.955;04.Tem
364-33-8584;B;Mandalay;Member;Female;Food and beverages;17.63;5;44.075;925.575;03.08.2019;15:27;Cash;88.15;4.761.904.762;44.075;08.May
665-63-9737;B;Mandalay;Normal;Male;Fashion accessories;52.42;3;7.863;165.123;2/27/2019;17:36;Ewallet;157.26;4.761.904.762;7.863;07.May
695-09-5146;B;Mandalay;Member;Female;Food and beverages;98.79;3;148.185;3.111.885;2/23/2019;20:00;Ewallet;296.37;4.761.904.762;148.185;06.Nis
155-45-3814;C;Naypyitaw;Member;Female;Electronic accessories;88.55;8;35.42;743.82;3/19/2019;15:29;Ewallet;708.4;4.761.904.762;35.42;04.Tem
706-36-6154;A;Yangon;Member;Male;Home and lifestyle;19.36;9;8.712;182.952;1/18/2019;18:43;Ewallet;174.24;4.761.904.762;8.712;08.Tem
778-89-7974;C;Naypyitaw;Normal;Male;Health and beauty;70.21;6;21.063;442.323;3/30/2019;14:58;Cash;421.26;4.761.904.762;21.063;07.Nis
574-31-8277;B;Mandalay;Member;Male;Fashion accessories;33.63;1;16.815;353.115;3/20/2019;19:55;Cash;33.63;4.761.904.762;16.815;05.Haz
859-71-0933;C;Naypyitaw;Member;Female;Sports and travel;15.49;2;1.549;32.529;1/16/2019;15:10;Cash;30.98;4.761.904.762;1.549;06.Mar
369-82-2676;B;Mandalay;Normal;Male;Electronic accessories;75.66;5;18.915;397.215;1/15/2019;18:22;Ewallet;378.3;4.761.904.762;18.915;07.Aðu
563-47-4072;B;Mandalay;Normal;Female;Health and beauty;55.81;6;16.743;351.603;1/22/2019;11:52;Cash;334.86;4.761.904.762;16.743;09.Eyl
742-04-5161;A;Yangon;Member;Male;Home and lifestyle;72.78;10;36.39;764.19;02.03.2019;17:24;Cash;727.8;4.761.904.762;36.39;07.Mar
149-15-7606;B;Mandalay;Member;Male;Sports and travel;37.32;9;16.794;352.674;03.06.2019;15:31;Ewallet;335.88;4.761.904.762;16.794;05.Oca
133-77-3154;B;Mandalay;Member;Male;Fashion accessories;60.18;4;12.036;252.756;2/16/2019;18:04;Credit card;240.72;4.761.904.762;12.036;09.Nis
169-52-4504;A;Yangon;Normal;Female;Electronic accessories;15.69;3;23.535;494.235;3/14/2019;14:13;Credit card;47.07;4.761.904.762;23.535;05.Aðu
